en,,,,,,,
Conversation,Entry ID,Actor,Original Text,Translated Text [en],Original Menu,Translated Menu [en],Description
Fin Cutscene,0,Jugador,,,,,
Fin Cutscene,1,El Viento,El agua del río fluye bajo tus ruedas.,,,,
Fin Cutscene,2,El Viento,"El camino aguarda, hay que adentrarse en la montaña.",,,,
Fin Cutscene,3,El Viento,No sabes dónde vas y no te importa.,,,,
Fin Cutscene,4,El Viento,Hay que seguir.,,,,
AnamariBarks,0,Jugador,,,,,
AnamariBarks,9,Anamari,Mus,,,,
AnamariBarks,10,Anamari,Envido,,,,
AnamariBarks,11,Anamari,Si,,,,
AnamariBarks,12,Anamari,No,,,,
ConchaBarks,0,Jugador,,,,,
ConchaBarks,9,Concha,No hay mus,,,,
ConchaBarks,10,Concha,No,,,,
ConchaBarks,11,Concha,Si,,,,
ConchaBarks,12,Concha,Envido,,,,
Cura,0,Jugador,,,,,
Cura,1,Cura,"Hola hija mía, has vuelto. ¿Qué necesitas?",,,,
Cura,7,Jugador,Ya arreglé el bicifijo [Enseñar el bicifijo].,,,,
Cura,10,Cura,¡INCREÍBLE! ¡QUÉ ALEGRÍA! ¡QUÉ AMOR!,,,,
Cura,12,Cura,¡HERMANOS! Desde el día de <b>El Juicio</b> hemos estado aquí rindiendo culto a nuestro <b>Amado</b>. Este nuevo bicifijo construido con nuestras propias manos es el símbolo que nos une a él.\r\n,,,,
Cura,14,Jugador,Em... ¿Sí?,,,,
Cura,15,Jugador,[Hacer como que no le has oído y marcharte],,,,
Cura,16,Cura,¡INCREÍBLE! ¡QUÉ ALEGRÍA! ¡QUÉ AMOR! Las señales del Amado son claras.,,,,
Cura,17,Cura,"Sé que ahora no estás segura de tu destino, pero lo estarás, lo veo en tu futuro.",,,,
Cura,18,Jugador,He pensado que podría arreglarle el bicifijo.,,,,
Cura,19,Jugador,Nada.,,,,
Cura,20,Cura,Que <b>El Amado</b> guíe tu camino.,,,,
Cura,21,Cura,Ahora que hemos terminado los preparativos y tenemos lista nuestra Iglesia me entra la nostalgia...,,,,
Cura,22,Cura,Cuando la gente comenzó a desaparecer y me quedé aquí sola tuve una visión de amor…\n,,,,
Cura,23,Cura,Fue tal mi conexión al <b>Amado</b> que en un acto de fe me agarré el brazo derecho y me lo arranqué…,,,,
Cura,24,Cura,¡¡¡Qué placer!!!,,,,
Cura,25,Cura,"No podía parar de rezar, sentía que la conexión era más fuerte que nunca y entendí el camino que debía tomar.\r",,,,
Cura,26,Cura,Al estar todos aquí y haber cumplido con <b>el pago</b> estamos siendo los únicos en toda <b>La Mugre</b> que hemos escogido el recto camino.,,,,
Cura,27,Cura,"Es ahora nuestro deber convertir a todas las personas a la verdad, ¡la auténtica verdad!",,,,
Cura,28,Cura,Por eso este símbolo de amor y nuestro sacrificio convierte a esta parroquia en el santo lugar de…\n,,,,
Cura,29,Cura,¡¿¡¿¡¿QUÉ?!?!?! ¡¡¡NO PUEDE SER!!! ¡¡¡AAAAAAHG!!!,,,,
Cura,30,El Viento,"A pesar de la cantidad de sangre y el estado de su mano, la cura cierra los ojos, respira profundamente y el amasijo de dedos deformados parece recomponerse.",,,,
Cura,31,Cura,"Hermanos, he tenido una visión. Ésto es sólo una prueba de nuestro amor, todo se arreglará, sólo tenemos que esperar a la señal.",,,,
Cura,32,El Viento,"Sientes como si la cura notara tu presencia aun con los ojos cerrados, los abre y gira la cabeza hacia tí rápidamente.",,,,
Cura,33,Cura,¡¡Tú!! ¿Has venido para ayudarnos verdad? Lo veo en tu ojo.,,,,
Cura,34,Cura,"<b>El Amado</b> te lo agradece, está en deuda contigo y serás recompensada. Para estar metida dentro de esa prisión de metal has hecho un gran trabajo. <b>El Amado</b> no olvida.",,,,
Cura,35,Cura,"¡¡¡FELIGRESES!!! Hicisteis bien al venir a ésta parroquia y realizar el <b>Acto de fe</b>. Al estar en <b>La Mugre</b>, este lugar es un remanso de paz lejos de los infieles elitistas del pueblo y un salvavidas para todos los desgraciados que aquí se encuentran. ¡¡¡SEREMOS SU SALVACIÓN!!! ¡¡¡NUESTRA VERDAD ES PURA!!!\r",,,,
Cura,37,Jugador,[Enseñar el brazo],,,,
Cura,38,Cura,¡INCREÍBLE! ¡QUÉ ALEGRÍA! ¡QUÉ AMOR!,,,,
Cura,39,Jugador,"Gracias, ¿supongo?",,,,
Cura,40,Jugador,¿Sabes donde podría encontrar una matrícula?,,,,
Cura,41,Cura,"Por supuesto hermana, ya eres una más de nuestra Iglesia.",,,,
Cura,42,Cura,"Mientras vagaba por <b>La Mugre</b> después de realizar el <i>acto de fe</i> vi otros seres como tú. Estaban apilados y sin vida, quizá por allí cerca encuentres lo que necesites.",,,,
Cura,43,Jugador,¡Muchas gracias! Buscaré por allí.,,,,
Cura,44,Jugador,¿Conoces a Paco el fabricante? ¿Sabes quién es su pareja?,,,,
Cura,45,Cura,[Parece oler las croquetas y se irrita en el acto] ¡¡ESO ES UNA HEREJÍA!! ¡¡SÁCALO INMEDIATAMENTE DE AQUÍ!!,,,,
Cura,46,Jugador,¿Pero qué pasa?,,,,
Cura,47,Cura,¡¡PERDÓNALA OH MI <b>AMADO</b>!! No sabe lo que hace...,,,,
Cura,48,Jugador,[Irte],,,,
Cura,49,Cura,En cuanto lo tengas ven a verme.,,,,
Cura,52,Cura,"Toma, llévate el bicifijo roto y tráemelo arreglado para contentarlo.\r",,,,
Cura,53,Cura,"Gracias hija, lo colocaré en el lugar que le corresponde.",,,,
Cura,54,Cura,"¡Enhorabuena por dar el paso! Ya eres una miembra de nuestra iglesia, aunque no se si tu sacrificio es tan bueno como el de los demás... Tienes mucha carne ahí dentro...",,,,
Cura,55,Cura,¿Necesitas algo más de esta humilde servidora de Dios?,,,,
Cura,56,Cura,...,,,,
Cura,57,El Viento,"En un arrebato de cólera, la cura golpea el bicifijo provocando que se rompa la madera y su mano.",,,,
Cura,58,El Viento,Parece que el olor a croquetas no es bienvenido en este lugar. Te parece ver cómo la piel de la cura comienza a resquebrajarse mientras reza en silencio.,,,,
Feligresa,0,Jugador,,,,,
Feligresa,1,El Viento,Ves a una mujer cabizbaja murmurando cosas en voz baja. Parece inquieta por algo.,,,,
Feligresa,2,Jugador,¿Hola? ¿Estás bien?,,,,
Feligresa,3,El Viento,"La mujer da un sobresalto y sale de su ensimismamiento. Al mirarte, su cara hace una mueca mientras mira al interior del coche.",,,,
Feligresa,4,Feligresa,"Hola de nuevo, ¿qué pasa?",,,,
Feligresa,5,Jugador,¿Seguro?,,,,
Feligresa,6,Feligresa,"Sí, es que quería entrar pero... Bueno déjalo, da igual.",,,,
Feligresa,7,Jugador,Nada.,,,,
Feligresa,8,Jugador,Te veo preocupada.,,,,
Feligresa,9,Feligresa,Si... ya... es que...,,,,
Feligresa,10,Jugador,...,,,,
Feligresa,11,Feligresa,"Bueno mira, qué mas da. Necesito entrar en la iglesia, no tengo ni comida ni un techo donde dormir y si me uniera a esta iglesia me lo darían gratis.",,,,
Feligresa,12,Jugador,¿Pues a qué esperas?,,,,
Feligresa,13,Feligresa,¿¿Tu estás loco?? ¿Has visto como están ahí dentro? Se arrancan los brazos y dicen cosas muy raras. Si pudiera conseguir un brazo creo que podría engañarlos para que me admitieran...,,,,
Feligresa,14,Jugador,Em...,,,,
Feligresa,15,Feligresa,"¿¿¿Por qué me miras así??? Tú podrías darme uno, tienes tantos ahí dentro... Bueno, mirándote bien... No estoy segura de que sean brazos o... ¿Piernas tal vez?",,,,
Feligresa,16,Jugador,¿Qué me estás queriendo decir?,,,,
Feligresa,17,Feligresa,"Nada nada, déjalo...",,,,
Feligresa,18,Jugador,Te he traído un brazo. [Enseñar el brazo],,,,
Feligresa,19,Feligresa,¿Cómo...? ¿Cómo lo has conseguido?,,,,
Feligresa,20,Jugador,"Pues... Tuve que hacer algunos intercambios, pero al final me lo dieron de forma bastante amistosa.",,,,
Feligresa,21,Feligresa,"Bueno... Si te lo han dado voluntariamente, supongo que no está tan mal... ¿No? ¿Y de verdad es para mi?",,,,
Feligresa,22,Jugador,"Si si, te vi tan apurada que cuando se me presentó la oportunidad, la aproveché.",,,,
Feligresa,23,Feligresa,"¡¡Muchas gracias!! Joder, no sé como agradecértelo.",,,,
Feligresa,24,Jugador,¿Sabrías donde puedo conseguir una matrícula?,,,,
Feligresa,25,Feligresa,"¡Claro! Es lo menos que puedo hacer después de lo que hiciste por mi. Mientras vagaba por <b>La Mugre</b> vi a muchos como tú, apilados por el polígono. Quizá allí puedas conseguir alguna.",,,,
Feligresa,26,Jugador,"Iré a buscar, ¡muchas gracias!",,,,
Feligresa,27,Feligresa,"Aunque la verdad, teniendo la de carne que tienes ahí dentro me sorprende que no te crezca una matrícula nueva o algo por el estilo...",,,,
Feligresa,28,Jugador,¿Sabes donde podría arreglar esto? [Enseñar el bicifijo roto],,,,
Feligresa,29,Feligresa,"Mmm... la verdad es que no, siento no poder ayudarte.",,,,
Feligresa,30,El Viento,La feligresa sale de su ensimismamiento y rápidamente mira en tu interior.,,,,
Feligresa,31,Jugador,Em... ¿Puede ser esto? [Enseñarle la comida],,,,
Feligresa,33,Jugador,¿Eres tú la pareja de Paco el Fabricante?,,,,
Feligresa,34,Feligresa,Em... Si... Soy yo...,,,,
Feligresa,35,Feligresa,"No, no puedo mentirte, no soy yo. Pero tiene tan buena pinta...",,,,
Feligresa,36,Jugador,"Lo siento entonces, pero no te lo puedo dar.",,,,
Feligresa,37,Feligresa,¿Cómo?,,,,
Feligresa,38,Feligresa,¿El qué? A ver...,,,,
Feligresa,39,Feligresa,Dios... Que rico por favor...,,,,
Feligresa,40,Jugador,"No es nada, es un placer poder ayudar.",,,,
Feligresa,41,Feligresa,Hasta luego entonces.,,,,
Feligresa,42,Feligresa,¿Quieres algo más?,,,,
Feligresa,43,Feligresa,Jope....,,,,
Feligresa,44,Feligresa,En fin...,,,,
Feligresa,45,Feligresa,Que maja eres....,,,,
Feligresa,46,Feligresa,"Eh... Sí, si... Estoy bien si...",,,,
Feligresa,47,El Viento,La feligresa parece que desconfía de ti y no se atreve a hablar.,,,,
Feligresa,48,El Viento,La mujer vuelve a mirar al suelo y comienza a murmurar de nuevo. Parece que sigue pensando la solución a conseguir un brazo sin arrancárselo ella misma.,,,,
Feligresa,49,El Viento,"Perpleja, la feligresa asoma la cabeza al interior del vehículo. Sus ojos no dan crédito a lo que ven. Ves que te mira agradecida y a la vez desconfiada.",,,,
Feligresa,50,Feligresa,¿Qué llevas encima? Huele que alimenta...,,,,
ManoliBarks,0,Jugador,,,,,
ManoliBarks,1,Manoli,Mus,,,,
ManoliBarks,2,Manoli,Chica,,,,
ManoliBarks,3,Manoli,Juego,,,,
ManoliBarks,4,Manoli,Grande,,,,
Manu,0,Jugador,,,,,
Manu,13,Manu,"Eeeeeh, eeeeeh, EEEEEEEEH\r.",,,,
Manu,15,Manu,¿Qué te trae por aquí?,,,,
Manu,16,Jugador,Nada.,,,,
Manu,17,Manu,¡Hasta luego!,,,,
Manu,18,Jugador,"Estoy teniendo problemas para encontrar la matrícula, ¿me podrías ayudar?",,,,
Manu,19,Manu,"Mmm, hace mucho que no salgo de aquí, pregunta a la gente del lugar, es posible que te ayuden.",,,,
Manu,20,Jugador,¡Ya tengo la matrícula!,,,,
Manu,21,Manu,¡Estupendo! Pues te la pongo en un pispás y te hago la revisión de la ITV. Si todo está correcto te dejaré pasar.,,,,
Manu,22,Manu,"Mmm, a ver... Esto parece que funciona... No como debería... Pero funciona...",,,,
Manu,23,Jugador,¡Gracias por todo!,,,,
Manu,24,Jugador,¿Qué pasa?\r,,,,
Manu,25,Manu,¿Cómo que qué pasa? ¿Qué te pasa a ti? ¿No sabes que esto es una carretera nacional? No puedes ir por ahí sin un permiso de circulación ni haber pasado la ITV.,,,,
Manu,26,Jugador,¿Cómo que un pe...,,¿Cómo que un permiso de circulación?,,
Manu,27,Manu,"Sí sí, y además, tienes un aspecto terrible, esa carrocería no está homologada. Lleva mucho tiempo sin verse una así.\r",,,,
Manu,28,Jugador,Pues no sé de q…,,Pues no sé de qué me hablas la verdad.,,
Manu,29,Manu,"Pacooo, Pacooooooo, PACOOOOO.",,,,
Manu,30,Paco,QUÉ\r.,,,,
Manu,31,Manu,Aquí hay uno nuevo.,,,,
Manu,32,Paco,Un nuevo qué\r.,,,,
Manu,33,Manu,Pues uno nuevo.,,,,
Manu,34,El Viento,Paco parece no haberse percado de tu presencia hasta ahora. Te mira fijamente escudriñándote.,,,,
Manu,35,Jugador,"Perdonad, pero n...",,"Perdonad, pero necesito pasar al pueblo.",,
Manu,36,Paco,¿¿Pero qué te pasa?? no sabes que esto es una carretera nacional? No puedes ir por ahí sin un permiso de circulación ni haber pasado la ITV.,,,,
Manu,37,Jugador,Ya me lo ha dic...,,"Ya me lo ha dicho tu compañero, pero no sé qué hacer al respecto.",,
Manu,38,Paco,Y con esa carrocería tan antigua… que horror...,,,,
Manu,39,Jugador,"Por favor, deja...",,"Por favor, dejadme pasar.",,
Manu,40,Manu,"Ya se lo estaba diciendo yo Paco, que así no puede ir a ningún sitio.",,,,
Manu,41,Paco,¿Qué quieres?,,,,
Manu,42,Jugador,Me gustaría pasar.,,,,
Manu,43,Paco,¿¿QUÉ??\r,,,,
Manu,44,Jugador,Que me gustaría…,,Que me gustaría pasar.,,
Manu,45,Paco,HABLA MÁS ALTO CHIQUILLO QUE NO TE OIGO CON EL RUIDO QUE HACE MANU.,,,,
Manu,46,Jugador,¡Que me gustarí...,,[Subir la voz] ¡Que me gustaría pasar!,,
Manu,47,Manu,¿CÓMO QUE HAGO RUIDO?,,,,
Manu,48,Paco,PUES TODO EL DÍA CON LA MÁQUINA DE ESCRIBIR AHÍ SIN PARAR NI CUANDO ESTÁS HABLANDO.,,,,
Manu,49,Manu,ALGUIEN TENDRÁ QUE HACER LA DECLARACIÓN 117 SOBRE LA LEGALIZACIÓN DE...,,,,
Manu,50,Jugador,[Gritar] ¡QUE ME GUSTARÍA PASAR!,,,,
Manu,51,Manu,Que quiere pasar dice...,,,,
Manu,52,Paco,No sabe de lo que habla Manu.,,,,
Manu,53,Manu,A la ciudad dice\r...,,,,
Manu,54,Paco,"Está fatal, y con esa carrocería…",,,,
Manu,55,Manu,"Si quieres pasar tienes que llevar una matrícula al menos, si no no hay paso.",,,,
Manu,56,Jugador,¿Tenéis una?,,,,
Manu,57,Manu,¿Qué?,,,,
Manu,58,Jugador,[Gritar] ¡QUE SI TENÉIS UNA!,,,,
Manu,59,Manu,Que bajo habla el chaval Paco.,,,,
Manu,60,Paco,"Y que lo digas. Qué va, aquí no tenemos, tendrás que ir a buscarla por ahí.",,,,
Manu,61,Manu,"Pero si necesitas otra cosa, Paco te puede echar una mano, es un manitas.",,,,
Manu,62,Paco,Menos mal que yo trabajo y hago algo porque tú... Ni aunque te peguen haces algo macho.,,,,
Manu,63,Manu,¿Pero qué dices? Si he levantado yo esta fábrica solo.,,,,
Manu,64,Paco,"Si bueno, y yo me llamo Wenceslao...",,,,
Manu,65,Jugador,[Irte],,,,
Manu,66,Manu,"Bueno, pues parece que todo está en orden, ya te he puesto la matrícula y voy a bajarte el puente levadizo ahora mismito.",,,,
Manu,67,Manu,Ahí tienes.,,,,
Manu,68,Manu,"Pues ya está, si necesitas otra cosa ya sabes donde estamos.",,,,
Manu,69,Manu,Espero que te vaya bien y no olvides que <b>La Mugre</b> estuvo ahí y te ayudó en tu camino.,,,,
Manu,70,Jugador,"La cura de la iglesia me ha pedido que arregle esto, ¿podrías ayudarme? [Enseñar el bicifijo roto].",,,,
Manu,71,Manu,"A lo mejor Paco te echa una mano, pero conmigo no contéis.",,,,
Manu,72,Jugador,"Vale, le preguntaré.",,,,
Manu,73,Jugador,¿Sabes a quién le tengo que dar esto? [Enseñar comida].,,,,
Manu,74,Manu,"Ostras, las croquetas de Paco... Que buenas están...",,,,
Manu,75,Manu,"Pues, creo que su pareja está jugando al Mus por ahí con sus amigas. No sé que ve Paco en ese... ser... Pero bueno....",,,,
Manu,76,Jugador,¿Por ahí donde?,,,,
Manu,77,Manu,"Cerca del bosque, no tiene pérdida desde aquí. Mira, si hasta se ve a Maria Antonia desde aquí.",,,,
Manu,78,Jugador,"Vale, ¡gracias!",,,,
Manu,79,Jugador,[Enseñar el brazo],,,,
Manu,80,Manu,"Bueno, da igual, ¿quieres que te lo pongamos o que? Desde aquí cuento que tienes 1, 2, 3... ¿4? ¿Para que quieres otro? Espera... ¿Ese último creo que era un pie?",,,,
Manu,81,Jugador,¿Cómo que tengo 4 brazos? Si solo llevo uno.,,,,
Manu,82,Manu,"Bueno claro... A lo mejor no te los ves... Bueno déjalo, si quieres te ponemos ese otro, aunque creo que te sobra.",,,,
Manu,83,Jugador,"No no, no quiero que me lo pongas, es para otra persona.",,,,
Manu,84,Manu,"Ah bueno, pues que sea bueno el trueque.",,,,
Manu,85,Manu,"Pff... La verdad es que no, esa gente no me cae nada bien. Creo que sólo están trayendo problemas a <b>La Mugre</b>. Van por ahí de salvadores pero es solo una puta secta.",,,,
Manu,86,Manu,"Un brazo muy bonito, creo que me suena de algo...",,,,
Manu,87,Manu,¿Algo más?,,,,
Manu,88,Paco,Ah joder...,,,,
Manu,89,El Viento,"Esta curiosa pareja de hombres sigue hablando de papeleos, numeraciones, leyes y demás mientras discuten acaloradamente. Parece que lo hacen tan a menudo que no hay odio en sus palabras, si no cariño.",,,,
Manu,90,El Viento,La curiosa pareja comienza a discutir de nuevo acaloradamente sobre quién trabaja más y si Wenceslao es un nombre inventado o no.,,,,
Monstruas,0,Jugador,,,,,
Monstruas,10,Manoli,¡Pero bueno! ¿Y tu quien eres?,,,,
Monstruas,11,Jugador,Pues... Soy...,,,,
Monstruas,12,Manoli,"Pues hija, si tú no lo sabes vas lista.",,,,
Monstruas,13,Manoli,(Hablan un poco de la partida hasta que se giran todas y te pregunta Manoli) ¿Qué quieres? Estoy hasta el moño y no tengo mucha paciencia.,,,,
Monstruas,14,Jugador,"Nada, siento interrumpir.",,Nada,,
Monstruas,15,Jugador,¿Sabéis donde puedo conseguir un brazo?,,¿Sabéis donde puedo conseguir un brazo?,,
Monstruas,16,Jugador,Te he traido la comida que te ha preparado tu marido. [Enseñar la comida],,Te he traido la comida que te ha preparado tu marido.,,
Monstruas,17,Manoli,¡Trae aquí! ¡Que rico!,,,,
Monstruas,18,Manoli,"Mira, con el cabreo que llevo encima no estoy para tonterías.",,,,
Monstruas,19,Manoli,(Hablan un poco de la partida y de lo ricas que estaban las croquetas hasta que se giran todas y te pregunta Manoli) ¿Qué necesitas?,,,,
Monstruas,21,Marianto,"Hija si te sobran los brazos, dale alguno. Si además te van a crecer otra vez...",,,,
Monstruas,22,Manoli,"Si estuviera de mejor humor te lo daría, pero ahora mismo no tengo el horno para bollos muchacha.",,,,
Monstruas,23,Manoli,¡Claro! Tenías que habérmelo dicho antes.,,,,
Monstruas,24,Jugador,Muchas... gracias...,,,,
Monstruas,25,Manoli,¡Si quieres otro vuelve mañana! Me crecen pero tardan un poquito.,,,,
Monstruas,29,Manoli,Mus.,,,,
Monstruas,30,Anamari,Mus.,,,,
Monstruas,31,Paqui,No hay mus.,,,,
Monstruas,32,Manoli,Espero que tengas buenas cartas.,,,,
Monstruas,33,Concha,Deja de llorar y juega.,,,,
Monstruas,34,Manoli,"Grande, sí.",,,,
Monstruas,35,Anamari,No.,,,,
Monstruas,36,Paqui,No.,,,,
Monstruas,37,Concha,No.,,,,
Monstruas,38,Manoli,"Cogete una. Chica, no.",,,,
Monstruas,39,Anamari,Envido.,,,,
Monstruas,40,Paqui,Quiero.,,,,
Monstruas,41,Concha,Quiero.,,,,
Monstruas,42,Manoli,Pares no.,,,,
Monstruas,43,Anamari,No.,,,,
Monstruas,44,Paqui,No.,,,,
Monstruas,45,Concha,Sí.,,,,
Monstruas,46,Manoli,Juego Sí.,,,,
Monstruas,47,Anamari,No.,,,,
Monstruas,48,Paqui,Sí.,,,,
Monstruas,49,Concha,Sí.,,,,
Monstruas,50,Manoli,Mostramos.,,,,
Monstruas,51,Manoli,¿¿Cómo que tenías pares?? ¿No te enteras de las reglas o que??,,,,
Monstruas,52,Paqui,"Claro que me entero, ¿¿no me has visto levantar las cejas??",,,,
Monstruas,53,Anamari,Pero si ya no tienes cejas Manoli.,,,,
Monstruas,54,Concha,"Otra vez ganamos Anamari, hoy las desplumamos.",,,,
Monstruas,55,Manoli,"Paqui, de verdad, que no te acuerdes de <b>El Juicio</b> es una cosa, pero que te miras al espejo a diario...",,,,
Monstruas,56,Paqui,"Joder Manoli, tampoco es para que te pongas así. Además, tampoco tenías tu nada.",,,,
Monstruas,57,El Viento,"Sin dejar de mirarte, se arranca el brazo de forma brutal. Da la sensación de que está tan acostumbrada a ello que no parece inmutarse. Te lo entrega con una sonrisa en la cara.",,,,
Monstruas,58,Manoli,¡Aquí tienes!,,,,
Monstruas,59,El Viento,"Al tener la bandeja delante, se frota una pareja de manos y se dispone a comerse las croquetas mojándolas en gazpacho con el resto de sus brazos.",,,,
Monstruas,60,Manoli,"Fuaaah, ¡¡que rico!!",,,,
Monstruas,61,Manoli,QUE,,,,
Monstruas,62,Manoli,TE,,,,
Monstruas,63,Manoli,FALTA,,,,
Monstruas,64,Manoli,MEDIA,,,,
Monstruas,65,Manoli,CARA,,,,
Monstruas,66,Jugador,¿Sabéis qué puedo hacer con esto? [Enseñar el bicifijo],,¿Sabéis qué puedo hacer con esto? [Enseñar el bicifijo],,Bicifijo
Monstruas,67,El Viento,"Manoli reconoce lo que llevas encima y se le cambia la expresión. Si la viste enfadada en algún momento, no era nada comparado con lo enfadada que está ahora.",,,,
Monstruas,68,Manoli,Saca eso de nuestra vista si quieres que te vuelva a dirigir la palabra.,,,,
Monstruas,69,Jugador,Lo siento... [Irte].,,,,
Monstruas,70,Jugador,¿Sabéis donde puedo conseguir una matrícula?,,¿Sabéis donde puedo conseguir una matrícula?,,
Monstruas,71,Manoli,"Hace mucho que no nos movemos de aquí, pero es probable que en el sitio donde haya más seres como tú encuentres algo.",,,,
Monstruas,72,Jugador,"Mmm, vale, lo pensaré.",,,,
Monstruas,73,Manoli,¿Cómo dices?,,,,
Monstruas,74,Manoli,¿Con qué? ¿A ver?,,,,
Monstruas,75,Manoli,"¡¡Dile que estaba buenísimo!! Ahora sí que os voy a reventar chavalas, me sobra la energía y los brazos para ganaros todas las manos. ¡Os vais a enterar!",,,,
Monstruas,76,Manoli,"Bueno, ¿algo más o seguimos con la partida?",,,,
Monstruas,77,Manoli,Pues estupendo. ¡A seguir!,,,,
Monstruas,78,Manoli,Te lo pongo por aquí dentro.,,,,
Monstruas,79,Marianto,"Es verdad, estás de un humor terrible hoy. Cuando tienes hambre te pones fatal...",,,,
Monstruas,80,El Viento,"Parecía que la señora con 8 brazos y un humor de perros llamada Manoli iba a responderle al ser anclado en la roca, pero en ese momento se percata de tu presencia y te mira.",,,,
Monstruas,81,El Viento,"En todo este tiempo que llevas despierta, parece que aún no te has hecho esa pregunta y te pilla completamente desprevenida.",,,,
Monstruas,82,El Viento,"La escena te ha dejado completamente perpleja, el resto de señoras parece estar acostumbradas a lo que acabas de presenciar y ni se inmutan.",,,,
Monstruas,83,El Viento,"Manoli mira en tu interior, ve la bandeja con las croquetas y el gazpacho y se le agrandan las pupilas.",,,,
Monstruas,84,Manoli,"Ya nos han puteado bastante los de la iglesia esa para que vengas tú ahora con eso encima. Van por ahí con su moralidad de mierda, creyendo que salvan a la gente y no hacen más que comerles la cabeza.",,,,
Paco,0,Jugador,,,,,
Paco,27,Paco,¡Hola! ¿Qué necesitas?,,,,
Paco,28,Jugador,"Nada, ya me iba.",,,,
Paco,30,Jugador,Estuve hablando con la cura y necesito arreglar una cosa. ¿Me podrías ayudar?,,,,
Paco,31,Paco,¿De qué se trata?,,,,
Paco,32,Jugador,"No lo tengo, lo he soltado por ahí.",,,,
Paco,33,Paco,Pues tráemelo y lo vemos.,,,,
Paco,34,Jugador,Se trata de esto [Enseñar el bicifijo].,,,,
Paco,35,Paco,¿Qué te parece si primero le llevas la comida a mi pareja?,,,,
Paco,36,Jugador,Prefiero que no la verdad.,,,,
Paco,37,Paco,"Pues entonces no puedo hacer nada por ti, si cambias de opinión ven a verme.",,,,
Paco,38,Jugador,"Vale, ¿quién es?",,,,
Paco,39,Paco,"Me haces un favor la verdad, toma.",,,,
Paco,40,Jugador,No encuentro a tu pareja.,,,,
Paco,41,Paco,"Busca por el merendero, se suelen poner por ahí al lado de una hoguera.",,,,
Paco,42,Jugador,"Gracias, buscaré por ahí.",,,,
Paco,43,Jugador,"Ya le di la comida a Manoli, ¡le encantó!",,,,
Paco,44,Paco,¡Estupendo! Te arreglo el bicifijo entonces.,,,,
Paco,45,Jugador,"Está perfecto, ¡muchas gracias!",,,,
Paco,46,Paco,Vale... creo que si pongo esto por aquí no debería volver a caerse...,,,,
Paco,47,Paco,"Aquí lo tienes. Espero que le valga, no creo que hubiera podido hacer otra cosa.",,,,
Paco,48,Jugador,[Enseñar el brazo].,,,,
Paco,49,Jugador,¿Sabes donde podría conseguir la matrícula?,,,,
Paco,50,Paco,"No me digas más, ¿ya se ha vuelto a arrancar un brazo Manoli?",,,,
Paco,51,Jugador,"Em... Sí, se lo he pedido yo.",,,,
Paco,52,Paco,"Ay... ¡Qué maja es! La amo con locura, voy a hacerle otra bandeja de croquetas que le encantan...",,,,
Paco,53,Paco,"""Que recordarás... Las tardes de inverno por Madrid...""",,,,
Paco,54,Paco,"Pues no sé la verdad, pero la necesitas sí o sí para pasar a la ciudad.",,,,
Paco,55,Paco,"Mmm, es algo bastante trabajoso, tendré que gastar algunos materiales.",,,,
Paco,56,Paco,¡Pero bueno!,,,,
Paco,57,Paco,"Está jugando al mus por ahí, creo que desde aquí podrás verlas.",,,,
Paco,58,Paco,Pues a seguir trabajando.,,,,
Paco,59,Paco,¿Algo más? Tengo cosas que hacer.,,,,
Paco,60,El Viento,"Paco mira a la distancia y ves que sus ojos dejan de enfocar, como si se pusiera a recordar viejos tiempos. De repente, comienza a canturrear una canción ya olvidada.",,,,
PaquiBarks,0,Jugador,,,,,
PaquiBarks,5,Paqui,Mus,,,,
PaquiBarks,6,Paqui,Paso,,,,
PaquiBarks,7,Paqui,No,,,,
PaquiBarks,8,Paqui,Envido,,,,
Enterradora,0,Jugador,,,,,
Enterradora,1,Enterradora,"Vaya, una nueva alma. ¿Qué te trae por aquí? ¿Has venido a traer alegría o tristeza?",,,,
Enterradora,2,Enterradora,"Hola de nuevo viajera, ¿encontraste la felicidad? ¿Necesitas algo?",,,,
Enterradora,3,Jugador,No nada.,,,,
Enterradora,4,Jugador,Em... ¿Podrías darme un brazo?,,,,
Enterradora,5,Jugador,[Enseñar el brazo],,,,
Enterradora,6,Jugador,¿Sabes donde podría arreglar esto? [Enseñar el bicifijo roto],,,,
Enterradora,7,Jugador,¿Eres tu la pareja de Paco el Fabricante?,,,,
Enterradora,8,Jugador,¿Sabes donde podría encontrar una matrícula?,,,,
Enterradora,9,Jugador,Em...,,,,
Enterradora,10,Enterradora,"No hace falta que respondas, es una pregunta al aire. A fin de cuentas, todos estamos destinados a hacer el bien y el mal, no a propósito claro, es algo que no podemos controlar.",,,,
Enterradora,11,Enterradora,"Nos pasamos la vida intentando sobrevivir a ella, luchando por llegar a algo a lo que poder llamar <b>felicidad</b>. Pero claro, ¿cómo se consigue eso? Es propia para cada uno, no hay un secreto para la felicidad.",,,,
Enterradora,12,Enterradora,"Para encontrar la tuya propia deberás mirar en tu interior... ¿Sí? ¿Me sigues? Pero te tienes que atrever a mirar claro, dentro de ti también está tu mayor oscuridad y tu sombra.",,,,
Enterradora,13,Enterradora,"¿Pero qué es tu sombra si no un niño herido? ¿No tendríamos que cuidar también a esa parte interna que nos hace daño? Al fin y al cabo forma parte de nosotros, ES nosotros.",,,,
Enterradora,14,Enterradora,Así si... Así se puede ser feliz...,,,,
Enterradora,15,Enterradora,Hasta que nuestros caminos se vuelvan a encontrar entonces.,,,,
Enterradora,16,Enterradora,¿Uno mío? ¿Física o metafóricamente? ¿O insinúas que te dé alguno de los que hay por aquí?,,,,
Enterradora,17,Jugador,Em... Pues...,,,,
Enterradora,18,Enterradora,"En cualquiera de los casos, ¿no estaría yo facilitando tu muerte? Si te ayudo, ¿no sería como uno de esos personajes de cuento que se dedican a ayudar al protagonista a conseguir su destino, llegando así, a su final?",,,,
Enterradora,19,Enterradora,¿Eso sería contraproducente no? ¿O es que no lo estás pasando bien?,,,,
Enterradora,20,Jugador,¿Supongo?,,,,
Enterradora,21,Enterradora,Supones...,,,,
Enterradora,22,Enterradora,¿Y dónde te lleva eso? ¿No parece que tienes ya suficientes? ¿O es que no eres plenamente consciente de tu ser? ¿Te falta propiocepción?,,,,
Enterradora,23,Jugador,"Creo que me falta, pero la gente me está ayudando a darme cuenta de cómo soy realmente.",,,,
Enterradora,24,Enterradora,"Vaya... Encuentras en los demás reflejos de ti y te hacen cuestionarte tu propio ser eh... Sigue así hija, no vas por mal camino.",,,,
Enterradora,25,Enterradora,¿Realmente quieres arreglarlo? ¿O es ese el sueño de otra persona? ¿Necesitas de los demás para poder avanzar?,,,,
Enterradora,26,Jugador,Pues... parece que sí.,,,,
Enterradora,27,Enterradora,"Parece eh... No creo que sea algo en lo que dudar, creo que es una gran verdad. Sin el empujón de los demás y su amor, es posible que nos encallemos en la vida, perdamos el sentido o el flujo.",,,,
Enterradora,28,Enterradora,"El universo habla a través de todos los seres y su energía se entrelaza entre ellos. Al final todas y todos fuimos la misma cosa, lo somos y lo seremos. Es posible que parezca que el camino se tuerce, pero todo se acaba encauzando.",,,,
Enterradora,29,Jugador,Eso espero...,,,,
Enterradora,31,Enterradora,"No hija, soy amiga de todos los seres, pero no soy pareja de nadie.",,,,
Enterradora,32,Jugador,¿Estás sola?,,,,
Enterradora,33,Enterradora,"¿Sola? No estoy sola. Estoy rodeada de vida, que va y viene formando este maravilloso mundo. Nunca estuve sola ni tampoco lo estaré.",,,,
Enterradora,34,Enterradora,"La energía que nos rodea a todos los seres es algo que nos hace iguales. Formamos parte de lo mismo y somos lo mismo. Nada ni nadie está solo en este mundo, por mucho que lo pienses, dentro de nuestro ser existe algo que nos conecta al resto.",,,,
Enterradora,35,Enterradora,"Ese algo tiene la energía para acercar y alejar a todos los seres entre sí. Si eres capaz de encontrate a ti misma, podrás alcanzar la auténtica compañía.",,,,
Enterradora,36,Jugador,...,,,,
Enterradora,37,Enterradora,"Tú también podrás. De hecho, ¿qué es lo que te ha encaminado aquí si no es esa energía?",,,,
Enterradora,38,Enterradora,"Si la encontrases, ¿te la quedarías?",,,,
Enterradora,39,Jugador,"Sí, la necesito.",,,,
Enterradora,40,Enterradora,La necesitas... ¿Para qué?,,,,
Enterradora,41,Jugador,Para pasar al pueblo.,,,,
Enterradora,42,Enterradora,¿Y lo que hay allí te hará feliz?,,,,
Enterradora,43,Jugador,"No lo sé, tendré que ir para averiguarlo.",,,,
Enterradora,44,Enterradora,"Muy bien, muy bien... Espero que así sea. Por aquí no hay ninguna, pero quizá la encuentres cerca de donde naciste. Si estás buscando algo que podría formar parte de tí, quizá caminar hacia tus raíces pueda darte la solución.",,,,
Enterradora,45,Jugador,"Es posible, muchas gracias por todo.",,,,
Enterradora,46,Enterradora,Muchas gracias a ti por compartir tu vida conmigo en este momento.,,,,
Enterradora,47,Enterradora,"Oh vaya, conseguiste un brazo.",,,,
Enterradora,48,Enterradora,Vaya...,,,,
Enterradora,49,Enterradora,¿Hmm? ,,,,
Enterradora,50,El Viento,"Sientes que la señora que tienes frente a ti te mira en lo más profundo de tu ser, escudriñando tu alma. Pareciera que te comprendiera a la perfección.",,,,
Enterradora,51,El Viento,"La enterradora te mira, escudriñando tu alma.",,,,
Juana,0,Jugador,,,,,
Juana,1,Juana,¿Hmm?,,,,
Juana,3,Jugador,Hola...,,,,
Juana,4,Jugador,Me duele el cuerpo.,,,,
Juana,5,Juana,Vete a dar una vuelta por ahí por fuera.,,,,
Juana,9,Juana,Argh… No me apetece nada seguir con este proyecto. No estoy nada emocionada con esto.,,,,
Juana,10,Juana,"Tenía una amiga con quien hacer estos proyectos pero ahora, yo sola, me cuesta mucho seguir.",,,,
Juana,11,Jugador,¿Dónde está tu amiga?,,,,
Juana,12,Juana,Su casa está saliendo del polígono por la puerta del árbol grande. Pero está vacía.,,,,
Juana,13,Juana,"Toma, te lo pongo en los asientos de atrás. Para ver las cosas que llevas, pulsa la tecla <b>I</b> del teclado o la <b>Y</b> del mando.",,,,
Juana,15,Jugador,Ok,,,,
Juana,16,Juana,"Porfa, llévate esta cosa suya y la dejas allí. No quiero tenerla aquí.",,,,
Juana,17,Juana,Te abro.,,,,
Juana,18,Jugador,Mira lo que me ha dado el chatarrero. [Enseñas el detector de radiación],,,,
Juana,19,Juana,Aaah... Qué cacharro tan gracioso. Me encantaría desmontarlo y trastearlo por dentro.,,,,
Juana,20,Juana,Pero luego no sabría averiguar cómo montarlo de nuevo.,,,,
Juana,21,Jugador,Igualmente sería divertido.,,,,
Juana,23,Juana,Ya ves.,,,,
Juana,24,Jugador,Ah... vale.,,,,
Juana,25,Jugador,Pero... no sé qué hay fuera.,,,,
Juana,26,Juana,Hm... Entiendo. Yo estoy intentando sacar algo interesante de aquí...,,,,
Juana,27,Juana,Pero me salen cosas bastante obvias. No veo por dónde tirar con esto. No me gusta.,,,,
Juana,28,Jugador,Em... Me voy.,,,,
Juana,29,Jugador,¿Qué estás haciendo?,,,,
Juana,30,Jugador,Ah...,,,,
Juana,31,Juana,"Eso que llevas dentro. El malino ese. Es suyo. Porfa, llévaselo a su casa y lo dejas allí, aunque esté vacía. No quiero tenerlo aquí.",,,,
Juana,32,Jugador,"¿Qué hago con la cosa esta, entonces? [Le enseñas el malino]",,,,
Juana,33,Juana,Llévalo a la casa de mi amiga.,,,,
Juana,34,Jugador,Ya llevé el malino a casa de tu amiga.,,,,
Juana,35,Juana,¿En serio?,,,,
Juana,36,Juana,Como me alegro de que esté allí ya... Es donde debe estar.,,,,
Juana,37,Juana,"Muchas gracias por hacerlo, significaba mucho para mí.",,,,
Juana,38,Juana,"Es posible que en la ciudad necesiten a alguien como tú, ve allí a buscar tu camino.",,,,
Juana,39,Jugador,Eso haré.,,,,
Chatarrero,0,Jugador,,,,,
Chatarrero,1,Chatarrero de Agua,¡¡NOOOO!!,,,,
Chatarrero,2,Jugador,¿Cómo?,,,,
Chatarrero,3,Chatarrero de Agua,El calor que te regala es una ofrenda a tu presencia. Nada se te opone. Tu camino se extiende en inmensa amplitud ante ti. ¡Avanza!,,,,
Chatarrero,4,Jugador,"Vale, vale. Pero... ¿Hacia dónde?",,,,
Chatarrero,5,Chatarrero de Agua,¡ENCONTREMOS LA CABEZA PERDIDA!,,,,
Chatarrero,6,Jugador,"¡Espera, hombre!",,,,
Chatarrero,7,Chatarrero de Agua,¿Mmm?,,,,
Chatarrero,8,Jugador,¿Es esta la cabeza que estás buscando?,,,,
Chatarrero,9,Chatarrero de Agua,A ver...,,,,
Chatarrero,10,Chatarrero de Agua,¡Noooo!,,,,
Chatarrero,11,Chatarrero de Agua,¿Ves? Esta no es radiactiva. Mi detector no pita. Aunque sí emite una energía rara. Me está dando hormigueo en el brazo.,,,,
Chatarrero,12,Jugador,"¿Me dejas el detector entonces? A ver si yo encuentro ""LA CABEZA"".",,,,
Chatarrero,13,Chatarrero de Agua,Toma.,,,,
Chatarrero,14,Jugador,"Ok, hasta luego.",,,,
Chatarrero,15,Jugador,Mira. Tú detector estaba apagado. Ahora ya está encendido y funciona.,,,,
Chatarrero,16,Chatarrero de Agua,¡GRANDIOSO!,,,,
Chatarrero,17,Jugador,"JAJAJAJ. Entonces, con esto puedo detectar la radiación que emite la cabeza.",,,,
Chatarrero,18,Chatarrero de Agua,¡ENCONTREMOS LA CABEZA!,,,,
Chatarrero,19,Jugador,¡VAMOOOOOS!,,,,
Chatarrero,20,Chatarrero de Agua,¡Vamos!,,,,
Chatarrero,21,Chatarrero de Agua,"¡AVANZA, NO TE RINDAS! ¡ENCONTREMOS LA CABEZA PERDIDA!",,,,
Chatarrero,22,Jugador,¿Qué has dicho de una cabeza?,,,,
Chatarrero,23,Chatarrero de Agua,Se ha sabido desde siempre que aquí se enterraron tesoros.,,,,
Chatarrero,24,Chatarrero de Agua,Hubo cosas que cayeron y se olvidaron o perdieron y que aun ahora permanecen.,,,,
Chatarrero,25,Chatarrero de Agua,"Un acontecimiento en el cielo dejó caer la cabeza incandescente que busco. Una cabeza poderosa que descansa en algún lugar de por aquí, estoy seguro.",,,,
Chatarrero,26,Jugador,"Vale, vale. Me voy.",,,,
Chatarrero,27,Jugador,¿Qué acontecimiento?,,,,
Chatarrero,28,Jugador,¿Qué tipo de cabeza?,,,,
Chatarrero,29,Chatarrero de Agua,Un enorme artefacto aéreo calló. ,,,,
Chatarrero,30,Chatarrero de Agua,Metálica y pesada seguramente. Debe tener aún una enorme capacidad destructiva.,,,,
Chatarrero,31,Jugador,Hm... Ok.,,,,
Chatarrero,32,El Viento,"Escuchas unas voces en la distancia, mezcladas con el rubor de la orilla.",,,,
Chatarrero,33,Chatarrero de Agua,¡La sombra que proyectas sobre el suelo demuestra tu corporeidad!,,,,
Chatarrero,34,El Viento,Un hombre que te está gritando.,,,,
Chatarrero,35,Chatarrero de Agua,"Tu existencia, por tanto, ya está definida en la obstrucción de la radiación solar que baña el resto del páramo.",,,,
Chatarrero,36,Jugador,Ah...,,,,
Chatarrero,37,El Viento,Las palabras de apoyo de este hombre te alcanzan en toda su irracional sinceridad.,,,,
Chatarrero,38,El Viento,"El chatarrero señala un cacharro electrónico desgastado. Este objeto tiene pinta de ser usado para rastrear y encontrar cosas, aunque en este momento no parece estar encendido.",,,,
Chatarrero,39,Chatarrero de Agua,"Juana, la chica de la casa, te podrá ayudar a salir de aquí  y así comenzar tu viaje.",,,,
Chatarrero,40,Jugador,¡ENCONTRÉ LA CABEZA PERDIDA!,,,,
Chatarrero,41,Chatarrero de Agua,¿¡QUÉ!?,,,,
Chatarrero,42,Jugador,¡Lo conseguí! ¡Estaba pegada a un Siluro que hablaba!,,,,
Chatarrero,43,Chatarrero de Agua,"¿Qué? No no no no... No puede ser, la cabeza posee una energía tan grande que el contacto con ella puede desintegrarte, no puede ser...",,,,
Chatarrero,44,Jugador,El Siluro no estaba muy bien la verdad....,,,,
Chatarrero,45,Chatarrero de Agua,,,,,
Chatarrero,46,Chatarrero de Agua,No no no... No puede ser...,,,,
Chatarrero,47,El Viento,El hombre pareciera no estar preparado para tal noticia. Como si no quisiera aceptar que el viaje en el que se embarcó ha concluido.,,,,
Chatarrero,48,El Viento,Comienza a ensimismarse y a murmurar por lo bajo. Te da la sensación que el brillo en sus ojos que le daba vida se desvanece por un momento.,,,,
Chatarrero,49,Chatarrero de Agua,"No no, la cabeza aún sigue ahí, esperando a ser encontrada.",,,,
Doña Candelaria,0,Jugador,,,,,
Doña Candelaria,1,Doña Candelaria,"Hola... hola... mmm... sí, sí.",,,,
Doña Candelaria,2,Jugador,¿Hola...?,,,,
Doña Candelaria,3,Doña Candelaria,Estoy buscando a un señor apuesto que llevaba un traje de cocodrilo.,,,,
Doña Candelaria,4,Jugador,¿Un traje de cocodrilo?,,,,
Doña Candelaria,5,Doña Candelaria,"Sí, teníamos una cita.",,,,
Doña Candelaria,6,Jugador,Señora. ¿Usted sabe lo que es esto? [Enseñar el malino],,,,
Doña Candelaria,7,Doña Candelaria,"Ah, sí, sí. Eso es un objeto maldito que da buena suerte.",,,,
Doña Candelaria,8,Jugador,¿Buena suerte?,,,,
Doña Candelaria,9,Doña Candelaria,Claro. To lo malo que te pueda pasar en esta vida te va a ocurrir a tu favor a través de una maldición que se le puso cuando fue moldeado en barro.,,,,
Doña Candelaria,10,Jugador,¿Sabes dónde vive la artista esta que ha desaparecido? Es la que hizo el malino de antes.,,,,
Doña Candelaria,11,Doña Candelaria,Sí. Su casa está justo al salir del recinto. Detrás de la verja.,,,,
Doña Candelaria,12,Jugador,¿Me abres la verja?,,,,
Doña Candelaria,13,Doña Candelaria,"Sí, claro. Después de mi cita.",,,,
Doña Candelaria,14,Jugador,"Oh, interesante.",,,,
Doña Candelaria,15,Jugador,"Aaah... Ok, ok.",,,,
Doña Candelaria,16,Jugador,¿Es este el traje? [Enseñar el traje de cocodrilo],,,,
Doña Candelaria,17,Doña Candelaria,¡Oh! Eso...,,,,
Doña Candelaria,18,Doña Candelaria,"No sé, no sé. Eso no es... [Se pone triste]",,,,
Doña Candelaria,19,Doña Candelaria,Hola... hola... Sigo esperando a este señor...,,,,
Doña Candelaria,20,Doña Candelaria,¡Oh! ¡Has venido!,,,,
Doña Candelaria,21,Chatarrero Viajero,Me siento en medio de un momento decisivo. Voy a tomar un camino. Ven conmigo.,,,,
Doña Candelaria,22,Doña Candelaria,¡Por supuesto!,,,,
Doña Candelaria,23,Chatarrero Viajero,Pronto marcharemos. Tomaremos este nuevo camino.,,,,
Doña Candelaria,24,El Viento,"Las manos de candelaria tiemblan mientras trastea con la verja. Al final la consigue abrir, entusiasmada.",,,,
Doña Candelaria,25,Jugador,"Ok, hasta luego.",,,,
Doña Candelaria,26,Jugador,Oh.,,,,
Doña Candelaria,27,Jugador,¿...?,,,,
Doña Candelaria,28,Doña Candelaria,Es increíble. No me lo puedo creer... No sé cuánto tiempo llevaba esperando...,,,,
Doña Candelaria,29,Doña Candelaria,Ese Malino... ¿No lo tienes? ¡Búscalo!,,,,
Doña Candelaria,30,Doña Candelaria,Debes entregarlo en la casa de su dueña. Es su lugar. Llévalo alli.,,,,
Doña Candelaria,31,Doña Candelaria,A este apuesto señor... No recuerdo... Quién...,,,,
Doña Candelaria,32,Doña Candelaria,Ese Malino...,,,,
Doña Candelaria,33,El Viento,La señora se entristece visiblemente. Su mirada se pierde en la neblina del páramo. ,,,,
Doña Candelaria,34,Doña Candelaria,"¿Se parece a una cabeza verdad? Mucha gente los busca por otros motivos, como el loco ese del agua que no para de gritar.",,,,
Chatarrero Viajero,0,Jugador,,,,,
Chatarrero Viajero,1,Chatarrero Viajero,Soy un viajero pero ya llevo algún tiempo por esta zona.,,,,
Chatarrero Viajero,2,Chatarrero Viajero,¿Sabes que manteniendo pulsado el <b>espacio</b> del teclado o el <b>LB</b> del mando tu coche corre más? Aunque se vuelve más difícil de controlar.,,,,
Chatarrero Viajero,3,Jugador,¡Oh! ,,,,
Chatarrero Viajero,4,Chatarrero Viajero,¡Hola!,,,,
Chatarrero Viajero,5,Jugador,"Hola, buenas.",,,,
Chatarrero Viajero,6,Jugador,¿Sabrías ayudarme con este detector de radiación?,,,,
Chatarrero Viajero,7,Chatarrero Viajero,¡Claro! Es que parece que no está bien configurado.,,,,
Chatarrero Viajero,8,Chatarrero Viajero,...,,,,
Chatarrero Viajero,9,Chatarrero Viajero,Listo. Toma.,,,,
Chatarrero Viajero,10,Jugador,¿Puedes hablar con la señora de la verja?,,,,
Chatarrero Viajero,15,Chatarrero Viajero,¡De nada!,,,,
Chatarrero Viajero,16,Jugador,"¡Gracias, gracias!",,,,
Chatarrero Viajero,17,Jugador,¡Gracias!,,,,
Chatarrero Viajero,18,Chatarrero Viajero,"¡De nada! Ahora que tienes eso para guiarte, te podría abrir la puerta de la playa para que la explores.",,,,
Chatarrero Viajero,20,Chatarrero Viajero,Yo también estoy intentando convercerla. Pero no hay manera.,,,,
Chatarrero Viajero,21,Jugador,Dice no se qué de una cita con un tipo con traje de cocodrilo.,,,,
Chatarrero Viajero,22,Chatarrero Viajero,Si si. Pero vete tú a saber qué es eso.,,,,
Chatarrero Viajero,23,Jugador,"Ya, voy a ver qué encuentro.",,,,
Chatarrero Viajero,24,Jugador,Mira. He encontrado el traje del supuesto señor apuesto.,,,,
Chatarrero Viajero,25,Chatarrero Viajero,"Hmmm... Bueno, puedo intentar...",,,,
Chatarrero Viajero,26,Chatarrero Viajero,¿Me lo dejas un momento? ¿Qué talla es?,,,,
Chatarrero Viajero,27,Jugador,Eeem... No.,,,,
Chatarrero Viajero,28,Chatarrero Viajero,"Ok, pero habrá que abrir la verja de alguna manera.",,,,
Chatarrero Viajero,29,Jugador,"Claro, toma.",,,,
Chatarrero Viajero,30,Chatarrero Viajero,...,,,,
Chatarrero Viajero,31,Chatarrero Viajero,"Jajajaj. Ok, vamos a ver a la señora. A ver qué tal.",,,,
Chatarrero Viajero,32,Chatarrero Viajero,¿Qué necesitas?,,,,
Chatarrero Viajero,33,Jugador,¿Quién eres?,,,,
Chatarrero Viajero,34,Jugador,"Nada, nada. ¡Hasta luego!",,,,
Chatarrero Viajero,35,Jugador,¿Me puedes abrir esas puertas que tienes detrás?,,,,
Chatarrero Viajero,36,Chatarrero Viajero,Hmm te puedo abrir esta.,,,,
Chatarrero Viajero,37,Chatarrero Viajero,Pero no te recomiendo ir por ahí por la playa sin algo para guiarte. Es un lugar peligroso lleno de chatarra. ¿No sabes de nadie a quién pedirle ayuda?,,,,
Chatarrero Viajero,38,Jugador,¿Como quién?,,,,
Chatarrero Viajero,39,Chatarrero Viajero,"Alguien que suela deambular por esa zona de la costa. Si la conocen bien, te podrían ayudar.",,,,
Chatarrero Viajero,40,Jugador,Hmm...,,,,
Chatarrero Viajero,41,Jugador,"¿Me abres la puerta de la playa, porfa?",,,,
Chatarrero Viajero,42,Chatarrero Viajero,Claro... Pero recuerda que es un sitio peligroso. Intenta encontrar lo que necesites allí y volver cuanto antes.,,,,
Chatarrero Viajero,43,Jugador,Ok.,,,,
Chatarrero Viajero,44,Chatarrero Viajero,"Y como ya tienes ese cacharro encendido, te puedo abrir la de la playa también.",,,,
Chatarrero Viajero,45,Jugador,"Pero entonces, ¿qué vas a hacer con el traje?",,,,
Chatarrero Viajero,46,Chatarrero Viajero,"Ahora verás, ahora verás. ",,,,
Chatarrero Viajero,47,El Viento,"Por dentro, le suena una risa traviesa con toda la amplitud del páramo. Por fuerta sólo le ves la sonrisa en los ojos.",,,,
Chatarrero Viajero,48,Chatarrero Viajero,Vamos a ver a Doña Candelaria.,,,,
El Siluro,0,Jugador,,,,,
El Siluro,1,El Siluro,La idea de irse es absurda. Tanto como la de llegar.,,,,
El Siluro,2,El Siluro,"Cuando tomas un camino, ¿En qué momento dejas de alejarte de un lugar y empiezas a acercarte a otro?",,,,
El Siluro,3,El Siluro,"¿Cuándo dejas de ""irte de aquí"" y empiezas a ""llegar allí""?",,,,
El Siluro,4,Jugador,Em...,,,,
El Siluro,5,Jugador,Este detector de radiación me ha traído aquí...,,,,
El Siluro,6,El Siluro,Aah... JAJA. Será por esto.,,,,
El Siluro,7,El Viento,El Siluro sale del agua mostrando que está mutado y fusionado con una cabeza nuclear.,,,,
El Siluro,9,El Siluro,¿Qué quieres?,,,,
El Siluro,10,Jugador,Em... ¿Quién eres?,,,,
El Siluro,11,Jugador,Oh dios mío.,,,,
El Siluro,12,El Siluro,Estoy lleno de energía. Me comí a un hombre apuesto.,,,,
El Siluro,13,Jugador,¿Te comiste un hombre apuesto?,,,,
El Siluro,14,El Siluro,Sí. Mira. [Te enseña el traje de cocodrilo que tiene pegado en el lateral],,,,
El Siluro,15,El Siluro,Toma [Te entrega el traje de cocodrilo],,,,
El Siluro,16,El Siluro,"La mujer se fue corriendo, a lo mejor el traje le hace recordar.",,,,
El Siluro,17,Jugador,¿Sabes qué es esto? [Enseñarle el malino],,,,
El Siluro,18,El Siluro,JAJAJAJAJA...,,,,
El Siluro,19,El Siluro,"Anda, llévalo a su sitio.",,,,
El Siluro,20,Jugador,Me voy.,,,,
El Siluro,21,El Siluro,JAJAJA. Hola.,,,,
El Siluro,22,Jugador,... Hola.,,,,
El Siluro,23,El Siluro,"Sí, tenía una cita con una mujer y vinieron aquí.",,,,
El Siluro,24,El Siluro,Se acercó para mostrarme su adoración con el traje y lo engullí entero.,,,,
El Siluro,25,El Siluro,Ja.. JAJAJAJA Ja...,,,,
Mesa Trabajo,0,Jugador,,,,,
Mesa Trabajo,1,El Viento,Ante ti ves una mesa de trabajo extrañamente vacía.,,,,
Mesa Trabajo,2,Jugador,He llegado a este lugar.,,,,
Mesa Trabajo,4,Jugador,[Soltar el malino aquí],,,,
Mesa Trabajo,5,El Viento,"La araña deja de sisear. Ahora, aún más quieta, si cabe.",,,,
Mesa Trabajo,6,El Viento,"Una enorme araña sisea, inmóvil. El sonido es como el de un silbido imperfecto del que se escapa mucho aire.",,,,
Mesa Trabajo,7,El Viento,Entiendes que debes entregar el malino.,,,,
Mesa Trabajo,8,El Viento,El animal atiende a tus intenciones. Sus patas atrofiadas y secas vibran con la tensión de su acecho.,,,,
Mesa Trabajo,9,El Viento,Una puerta metálica cruge al abrirse fuera de la casa.,,,,
Mesa Trabajo,10,Jugador,[Marcharse],,,,
Mesa Trabajo,11,Mesa Trabajo,La araña acompaña al Malino que has dejado sobre la mesa.,,,,
Intro cutscene,0,Jugador,,,,,
Intro cutscene,1,El Viento,Las olas rompen contra el metal oxidado.,The waves break against the rusted metal.,,,
Intro cutscene,2,El Viento,Alguien busca entre los restos de chatarra oxidada y mojada.,Someone searches through the rusted and wet scrap.,,,
Intro cutscene,3,El Viento,Entre los aparatos desechados se escucha un pálpito intermitente.,"Among the discarded devices, an intermittent whistling sound can be heard.",,,
Intro cutscene,4,El Viento,La sangre aceitosa fluye dentro de una anatomía desorganizada.,Oily blood flows within a disorganized anatomy.,,,
Intro cutscene,5,Jugador,,,,,
Intro cutscene,6,El Viento,El motor arranca.,The engine starts.,,,
Intro cutscene,7,Jugador,Alguien... ,Someone... ,,,
Intro cutscene,8,Jugador,Temo qué pueda encontrar.,I am afraid of what I might find.,,,
Intro cutscene,9,Jugador,Me duele.,It hurts.,,,
Intro cutscene,10,Jugador,Me duele mucho.,It hurts a lot.,,,
Intro cutscene,11,Jugador,El viento frío me roza.,The cold wind brushes against me.,,,
Cartel,0,Jugador,,,,,
Cartel,1,El Viento,Un cartel improvisado se alza ante ti. Está hecho a mano con un tronco caído y unos retablos.,,,,
Cartel,2,Jugador,[Leer el primer cartel],,,,
Cartel,3,Jugador,[Leer el segundo cartel],,,,
Cartel,4,Jugador,[Leer el tercer cartel],,,,
Cartel,5,El Viento,"El texto dice: ""Pueblo de ****"". El nombre del pueblo está tachado y es ilegible. Más abajo pone: ""Fábrica de coches La Radio Rota"".",,,,
Cartel,6,El Viento,"El texto dice: ""Iglesia del Bicifijo"". El texto parece escrito sobre otro previamente escrito.",,,,
Cartel,7,El Viento,"El texto dice: ""Merenderos"". Hay una baraja de cartas dibujada a su lado.",,,,
Cartel,8,El Viento,¿Quieres leer algo?,,,,
Cartel,9,Jugador,[Irte],,,,
Cartel,10,El Viento,¿Quieres leer algo más?,,,,
Cabo Mayor Paco,0,Jugador,,,,,
Cabo Mayor Paco,1,Cabo Mayor Paco,¿Has hablado con el Obispo del Mar?,,,,
Cabo Mayor Paco,2,Jugador,¿Qué? Ah...,,,,
Cabo Mayor Paco,3,Cabo Mayor Paco,JAAJAJAJAJA\n,,,,
Cabo Mayor Paco,4,Cabo Mayor Paco,"Deja, deja. Te abro.",,,,
Cabo Mayor Paco,5,Cabo Mayor Paco,"Suerte, eh. Suerte.",,,,
Cabo Mayor Paco,6,Jugador,¿Con quién?,,,,
Cabo Mayor Paco,7,Cabo Mayor Paco,"Vuelve por donde has venido y búscalo, muchos lo conocen por Siluro, pero es un enviado de los cielos. Estará por allí atrás, contemplando y velando por nosotros.",,,,
Cabo Mayor Paco,8,Cabo Mayor Paco,Mucha suerte en tu camino.,,,,
Cabo Mayor Paco,9,Jugador,Gracias...,,,,
Deambulante Adormilado,0,Jugador,,,,,
Deambulante Adormilado,1,Deambulante Adormilado,...,,,,
Deambulante Adormilado,2,Jugador,¿Qué... qué tal?,,,,
Deambulante Adormilado,3,Deambulante Adormilado,¿Hm? ¿Perdona? ¿Sí?,,,,
Deambulante Adormilado,4,Jugador,¿Qué haces? ¿Qué haces aquí?,,,,
Deambulante Adormilado,5,Jugador,¿Quién eres?,,,,
Deambulante Adormilado,6,Deambulante Adormilado,Ah... Estoy dando un paseo contemplativo...,,,,
Deambulante Adormilado,7,Deambulante Adormilado,Mirando... Andando...,,,,
Deambulante Adormilado,8,El Viento,Este hombre no es capaz de enfocar su atención en la conversación contigo.,,,,
Deambulante Adormilado,9,El Viento,"Son tambien sus pensamientos los que atraviesan el páramo, sin rumbo. Se desacen en el rubor del agua oxidada.",,,,
Deambulante Adormilado,10,Deambulante Adormilado,¿Yo? Vivo por aquí y...,,,,
Deambulante Adormilado,11,El Viento,Se está pensando si contártelo.,,,,
Deambulante Adormilado,12,Deambulante Adormilado,Soy un seguidor del sacerdote. La corriente lo trae y se lo lleva de aquí cada poco tiempo.,,,,
Deambulante Adormilado,13,Deambulante Adormilado,"No le voy buscando. Pero, si deambulo por aquí y me lo encuentro, me entra un calor en el pecho y se ensancha mi espíritu.",,,,
Deambulante Adormilado,14,Jugador,Ah...,,,,
Deambulante Adormilado,15,Jugador,"Nada, perdona. Me voy.",,,,
